{"stats":{"minecraft:used":{"minecraft:stone_pickaxe":145,"minecraft:iron_helmet":1,"minecraft:chest":1,"minecraft:wooden_pickaxe":13,"minecraft:stone_axe":8,"minecraft:torch":8,"minecraft:dirt":5,"minecraft:cobblestone":18,"minecraft:crafting_table":3,"minecraft:furnace":1,"minecraft:andesite":1},"minecraft:broken":{"minecraft:stone_pickaxe":1},"minecraft:picked_up":{"minecraft:birch_log":7,"minecraft:crafting_table":1,"minecraft:raw_iron":31,"minecraft:jungle_log":5,"minecraft:andesite":1,"minecraft:oak_log":4,"minecraft:diorite":26,"minecraft:dirt":32,"minecraft:granite":8,"minecraft:sugar_cane":6,"minecraft:coal":22,"minecraft:cobblestone":54},"minecraft:mined":{"minecraft:birch_log":7,"minecraft:iron_ore":31,"minecraft:andesite":1,"minecraft:crafting_table":1,"minecraft:granite":8,"minecraft:short_grass":2,"minecraft:oak_log":4,"minecraft:grass_block":7,"minecraft:coal_ore":22,"minecraft:vine":3,"minecraft:jungle_log":6,"minecraft:dirt":25,"minecraft:cobblestone":2,"minecraft:stone":52,"minecraft:sugar_cane":2,"minecraft:diorite":26,"minecraft:oak_leaves":1},"minecraft:custom":{"minecraft:time_since_rest":26798,"minecraft:interact_with_furnace":5,"minecraft:sprint_one_cm":20933,"minecraft:damage_taken":125,"minecraft:walk_one_cm":27578,"minecraft:interact_with_crafting_table":17,"minecraft:fly_one_cm":29606,"minecraft:open_chest":2,"minecraft:crouch_one_cm":277,"minecraft:play_time":26798,"minecraft:sneak_time":279,"minecraft:jump":225,"minecraft:leave_game":14,"minecraft:walk_on_water_one_cm":5803,"minecraft:time_since_death":26798,"minecraft:climb_one_cm":1914,"minecraft:total_world_time":26798,"minecraft:fall_one_cm":6275},"minecraft:crafted":{"minecraft:oak_planks":16,"minecraft:crafting_table":2,"minecraft:stick":12,"minecraft:wooden_pickaxe":1,"minecraft:iron_helmet":1,"minecraft:iron_ingot":8,"minecraft:stone_pickaxe":2,"minecraft:chest":1,"minecraft:furnace":1,"minecraft:torch":8,"minecraft:stone_axe":1,"minecraft:jungle_planks":20}},"DataVersion":3953}