{"stats":{"minecraft:crafted":{"minecraft:crafting_table":2,"minecraft:stick":4,"minecraft:wooden_pickaxe":1,"minecraft:jungle_planks":20},"minecraft:custom":{"minecraft:jump":69,"minecraft:time_since_rest":8126,"minecraft:damage_taken":65,"minecraft:leave_game":5,"minecraft:sprint_one_cm":5777,"minecraft:play_time":8126,"minecraft:time_since_death":8126,"minecraft:walk_on_water_one_cm":474,"minecraft:walk_one_cm":6951,"minecraft:total_world_time":8126,"minecraft:climb_one_cm":1914,"minecraft:interact_with_crafting_table":8,"minecraft:fall_one_cm":2775,"minecraft:fly_one_cm":17934},"minecraft:used":{"minecraft:crafting_table":1},"minecraft:mined":{"minecraft:short_grass":1,"minecraft:vine":3,"minecraft:jungle_log":6,"minecraft:oak_leaves":1},"minecraft:picked_up":{"minecraft:jungle_log":5}},"DataVersion":3953}