{"stats":{"minecraft:crafted":{"minecraft:wooden_sword":1,"minecraft:oak_planks":60,"minecraft:crafting_table":1,"minecraft:stick":16,"minecraft:wooden_axe":1},"minecraft:custom":{"minecraft:time_since_rest":15710,"minecraft:damage_taken":454,"minecraft:crouch_one_cm":20,"minecraft:walk_one_cm":38826,"minecraft:sprint_one_cm":5681,"minecraft:play_time":16783,"minecraft:deaths":1,"minecraft:sneak_time":18,"minecraft:walk_under_water_one_cm":67,"minecraft:mob_kills":1,"minecraft:jump":74,"minecraft:damage_dealt":64,"minecraft:leave_game":9,"minecraft:walk_on_water_one_cm":240,"minecraft:time_since_death":15668,"minecraft:total_world_time":16783,"minecraft:climb_one_cm":292,"minecraft:interact_with_crafting_table":2,"minecraft:swim_one_cm":669,"minecraft:fall_one_cm":853,"minecraft:fly_one_cm":8867},"minecraft:mined":{"minecraft:short_grass":6,"minecraft:oak_log":16,"minecraft:vine":4,"minecraft:jungle_log":17,"minecraft:oak_planks":14,"minecraft:oak_leaves":6,"minecraft:fern":1,"minecraft:grass_block":11},"minecraft:used":{"minecraft:apple":1,"minecraft:wooden_sword":10,"minecraft:wooden_axe":56,"minecraft:crafting_table":1,"minecraft:oak_planks":58},"minecraft:killed_by":{"minecraft:zombie_villager":1},"minecraft:killed":{"minecraft:zombie":1},"minecraft:picked_up":{"minecraft:cooked_beef":16,"minecraft:jungle_log":18,"minecraft:apple":1,"minecraft:wheat_seeds":3,"minecraft:oak_log":15,"minecraft:oak_planks":15,"minecraft:dirt":11}},"DataVersion":3953}