{"stats":{"minecraft:killed":{"minecraft:zombie":1,"minecraft:squid":1},"minecraft:used":{"minecraft:wooden_axe":61,"minecraft:stone_sword":6,"minecraft:apple":1,"minecraft:stone_pickaxe":124,"minecraft:oak_planks":58,"minecraft:wooden_pickaxe":16,"minecraft:wooden_shovel":21,"minecraft:wooden_sword":12,"minecraft:crafting_table":2,"minecraft:jungle_planks":9,"minecraft:cooked_beef":2},"minecraft:picked_up":{"minecraft:raw_iron":5,"minecraft:cooked_beef":16,"minecraft:jungle_log":18,"minecraft:andesite":1,"minecraft:oak_log":20,"minecraft:diorite":21,"minecraft:dirt":29,"minecraft:apple":1,"minecraft:wheat_seeds":3,"minecraft:granite":1,"minecraft:oak_planks":15,"minecraft:coal":6,"minecraft:cobblestone":105},"minecraft:mined":{"minecraft:iron_ore":5,"minecraft:andesite":1,"minecraft:granite":1,"minecraft:short_grass":6,"minecraft:oak_log":20,"minecraft:grass_block":12,"minecraft:coal_ore":6,"minecraft:vine":6,"minecraft:dirt_path":1,"minecraft:jungle_log":17,"minecraft:dirt":16,"minecraft:stone":105,"minecraft:oak_planks":14,"minecraft:diorite":22,"minecraft:oak_leaves":7,"minecraft:fern":1},"minecraft:custom":{"minecraft:time_since_rest":862,"minecraft:sprint_one_cm":18248,"minecraft:damage_taken":784,"minecraft:walk_one_cm":66700,"minecraft:mob_kills":2,"minecraft:damage_dealt":188,"minecraft:swim_one_cm":669,"minecraft:interact_with_crafting_table":5,"minecraft:fly_one_cm":12617,"minecraft:crouch_one_cm":20,"minecraft:play_time":31026,"minecraft:deaths":2,"minecraft:sneak_time":18,"minecraft:walk_under_water_one_cm":358,"minecraft:jump":190,"minecraft:leave_game":16,"minecraft:walk_on_water_one_cm":2077,"minecraft:time_since_death":743,"minecraft:climb_one_cm":1171,"minecraft:total_world_time":31026,"minecraft:fall_one_cm":3451},"minecraft:killed_by":{"minecraft:zombie_villager":1,"minecraft:skeleton":1},"minecraft:crafted":{"minecraft:wooden_sword":1,"minecraft:oak_planks":60,"minecraft:wooden_shovel":1,"minecraft:crafting_table":2,"minecraft:stick":16,"minecraft:wooden_pickaxe":2,"minecraft:stone_pickaxe":1,"minecraft:wooden_axe":1,"minecraft:stone_sword":1,"minecraft:jungle_planks":40}},"DataVersion":3953}