{"stats":{"minecraft:custom":{"minecraft:jump":31,"minecraft:damage_taken":254,"minecraft:time_since_rest":4349,"minecraft:walk_one_cm":9425,"minecraft:leave_game":4,"minecraft:damage_dealt":6,"minecraft:crouch_one_cm":20,"minecraft:sprint_one_cm":2992,"minecraft:play_time":5422,"minecraft:time_since_death":4307,"minecraft:deaths":1,"minecraft:sneak_time":18,"minecraft:total_world_time":5422,"minecraft:fall_one_cm":209,"minecraft:fly_one_cm":7013},"minecraft:mined":{"minecraft:short_grass":1,"minecraft:oak_log":7},"minecraft:killed_by":{"minecraft:zombie_villager":1},"minecraft:picked_up":{"minecraft:oak_log":7,"minecraft:jungle_log":1,"minecraft:wheat_seeds":2}},"DataVersion":3953}