{"stats":{"minecraft:crafted":{"minecraft:oak_planks":16,"minecraft:stone_axe":1,"minecraft:crafting_table":2,"minecraft:stick":8,"minecraft:wooden_pickaxe":1,"minecraft:jungle_planks":20,"minecraft:stone_pickaxe":1},"minecraft:custom":{"minecraft:time_since_rest":14291,"minecraft:crouch_one_cm":9,"minecraft:play_time":14291,"minecraft:sprint_one_cm":19093,"minecraft:damage_taken":65,"minecraft:walk_one_cm":11892,"minecraft:jump":143,"minecraft:leave_game":8,"minecraft:walk_on_water_one_cm":5360,"minecraft:time_since_death":14291,"minecraft:total_world_time":14291,"minecraft:climb_one_cm":1914,"minecraft:interact_with_crafting_table":10,"minecraft:fall_one_cm":3880,"minecraft:fly_one_cm":28422},"minecraft:used":{"minecraft:stone_axe":8,"minecraft:dirt":5,"minecraft:crafting_table":2,"minecraft:stone_pickaxe":30,"minecraft:wooden_pickaxe":10},"minecraft:mined":{"minecraft:short_grass":2,"minecraft:grass_block":6,"minecraft:oak_log":4,"minecraft:vine":3,"minecraft:jungle_log":6,"minecraft:dirt":20,"minecraft:birch_log":7,"minecraft:stone":10,"minecraft:diorite":14,"minecraft:sugar_cane":2,"minecraft:oak_leaves":1,"minecraft:crafting_table":1},"minecraft:picked_up":{"minecraft:birch_log":7,"minecraft:crafting_table":1,"minecraft:jungle_log":5,"minecraft:diorite":14,"minecraft:oak_log":4,"minecraft:sugar_cane":6,"minecraft:dirt":26,"minecraft:cobblestone":10}},"DataVersion":3953}