{"stats":{"minecraft:crafted":{"minecraft:wooden_sword":1,"minecraft:oak_planks":60,"minecraft:wooden_shovel":1,"minecraft:crafting_table":2,"minecraft:stick":16,"minecraft:wooden_pickaxe":2,"minecraft:stone_pickaxe":1,"minecraft:wooden_axe":1,"minecraft:stone_sword":1,"minecraft:jungle_planks":40},"minecraft:custom":{"minecraft:time_since_rest":93,"minecraft:sprint_one_cm":32417,"minecraft:damage_taken":1234,"minecraft:walk_one_cm":74089,"minecraft:mob_kills":2,"minecraft:damage_dealt":215,"minecraft:swim_one_cm":3640,"minecraft:interact_with_crafting_table":5,"minecraft:fly_one_cm":18173,"minecraft:crouch_one_cm":26,"minecraft:play_time":34254,"minecraft:deaths":4,"minecraft:sneak_time":19,"minecraft:walk_under_water_one_cm":472,"minecraft:jump":243,"minecraft:leave_game":17,"minecraft:walk_on_water_one_cm":2533,"minecraft:time_since_death":0,"minecraft:climb_one_cm":1291,"minecraft:total_world_time":34254,"minecraft:fall_one_cm":3651},"minecraft:mined":{"minecraft:birch_log":1,"minecraft:iron_ore":5,"minecraft:andesite":1,"minecraft:granite":1,"minecraft:short_grass":6,"minecraft:coal_ore":6,"minecraft:grass_block":12,"minecraft:oak_log":20,"minecraft:dirt_path":1,"minecraft:vine":6,"minecraft:jungle_log":17,"minecraft:dirt":16,"minecraft:stone":105,"minecraft:oak_planks":14,"minecraft:diorite":22,"minecraft:oak_leaves":7,"minecraft:fern":1},"minecraft:used":{"minecraft:wooden_axe":61,"minecraft:stone_sword":6,"minecraft:apple":1,"minecraft:stone_pickaxe":124,"minecraft:oak_planks":58,"minecraft:wooden_pickaxe":16,"minecraft:wooden_shovel":21,"minecraft:wooden_sword":12,"minecraft:crafting_table":2,"minecraft:jungle_planks":9,"minecraft:cooked_beef":2},"minecraft:killed_by":{"minecraft:zombie_villager":1,"minecraft:skeleton":1,"minecraft:zombie":2},"minecraft:killed":{"minecraft:zombie":1,"minecraft:squid":1},"minecraft:picked_up":{"minecraft:birch_log":1,"minecraft:raw_iron":5,"minecraft:cooked_beef":16,"minecraft:andesite":1,"minecraft:jungle_log":18,"minecraft:oak_log":20,"minecraft:diorite":21,"minecraft:dirt":29,"minecraft:apple":1,"minecraft:wheat_seeds":3,"minecraft:granite":1,"minecraft:oak_planks":15,"minecraft:coal":6,"minecraft:cobblestone":105}},"DataVersion":3953}