{"stats":{"minecraft:crafted":{"minecraft:oak_planks":20,"minecraft:cooked_porkchop":4,"minecraft:crafting_table":1,"minecraft:stick":8,"minecraft:wooden_pickaxe":1,"minecraft:stone_pickaxe":1,"minecraft:stone_sword":1,"minecraft:furnace":1,"minecraft:white_bed":1,"minecraft:stone_axe":1,"minecraft:jungle_planks":8,"minecraft:air":0},"minecraft:custom":{"minecraft:time_since_rest":1855,"minecraft:interact_with_furnace":3,"minecraft:sprint_one_cm":75001,"minecraft:damage_taken":80,"minecraft:walk_one_cm":33469,"minecraft:mob_kills":14,"minecraft:drop":41,"minecraft:damage_dealt":1385,"minecraft:swim_one_cm":6808,"minecraft:interact_with_crafting_table":8,"minecraft:fly_one_cm":210585,"minecraft:crouch_one_cm":8899,"minecraft:play_time":51740,"minecraft:sneak_time":3281,"minecraft:walk_under_water_one_cm":559,"minecraft:jump":751,"minecraft:leave_game":7,"minecraft:walk_on_water_one_cm":812,"minecraft:time_since_death":51740,"minecraft:sleep_in_bed":1,"minecraft:climb_one_cm":232,"minecraft:total_world_time":51740,"minecraft:fall_one_cm":20730},"minecraft:mined":{"minecraft:white_bed":1,"minecraft:furnace":1,"minecraft:jungle_leaves":1,"minecraft:birch_leaves":4,"minecraft:crafting_table":4,"minecraft:short_grass":94,"minecraft:oak_log":22,"minecraft:grass_block":9,"minecraft:coal_ore":20,"minecraft:jungle_log":4,"minecraft:dirt":6,"minecraft:stone":26,"minecraft:oak_planks":3,"minecraft:oak_leaves":20,"minecraft:fern":32},"minecraft:used":{"minecraft:stone_sword":22,"minecraft:stone_pickaxe":45,"minecraft:pig_spawn_egg":73,"minecraft:oak_planks":4,"minecraft:jungle_log":1,"minecraft:wooden_pickaxe":5,"minecraft:stone_axe":41,"minecraft:white_wool":1,"minecraft:dirt":15,"minecraft:crafting_table":4,"minecraft:furnace":1,"minecraft:oak_sapling":2,"minecraft:cooked_porkchop":2,"minecraft:jungle_planks":4,"minecraft:white_bed":1,"minecraft:cooked_beef":2},"minecraft:dropped":{"minecraft:dirt":2,"minecraft:wheat_seeds":17,"minecraft:cooked_beef":62,"minecraft:mutton":2,"minecraft:jungle_log":1,"minecraft:birch_sapling":1,"minecraft:oak_sapling":1,"minecraft:oak_planks":1,"minecraft:apple":1,"minecraft:white_wool":1},"minecraft:picked_up":{"minecraft:crafting_table":4,"minecraft:jungle_log":4,"minecraft:porkchop":17,"minecraft:oak_log":22,"minecraft:white_bed":1,"minecraft:dirt":17,"minecraft:apple":1,"minecraft:wheat_seeds":20,"minecraft:beef":2,"minecraft:oak_sapling":5,"minecraft:birch_sapling":1,"minecraft:mutton":7,"minecraft:oak_planks":3,"minecraft:coal":20,"minecraft:white_wool":5,"minecraft:cobblestone":25,"minecraft:furnace":1},"minecraft:killed":{"minecraft:sheep":5,"minecraft:pig":8,"minecraft:cow":1}},"DataVersion":3953}