{"stats":{"minecraft:custom":{"minecraft:jump":75,"minecraft:time_since_rest":5962,"minecraft:crouch_one_cm":722,"minecraft:damage_taken":20,"minecraft:sprint_one_cm":5669,"minecraft:play_time":5962,"minecraft:time_since_death":5962,"minecraft:walk_one_cm":4109,"minecraft:sneak_time":183,"minecraft:climb_one_cm":232,"minecraft:total_world_time":5962,"minecraft:drop":4,"minecraft:fall_one_cm":2134,"minecraft:fly_one_cm":15555},"minecraft:mined":{"minecraft:short_grass":9,"minecraft:jungle_leaves":1,"minecraft:birch_leaves":4,"minecraft:oak_leaves":3},"minecraft:dropped":{"minecraft:birch_sapling":1,"minecraft:wheat_seeds":2,"minecraft:oak_sapling":1},"minecraft:picked_up":{"minecraft:oak_sapling":1,"minecraft:birch_sapling":1,"minecraft:wheat_seeds":2}},"DataVersion":3953}