{"stats":{"minecraft:crafted":{"minecraft:oak_planks":12,"minecraft:cooked_porkchop":4,"minecraft:crafting_table":1,"minecraft:stick":8,"minecraft:wooden_pickaxe":1,"minecraft:stone_pickaxe":1,"minecraft:stone_sword":1,"minecraft:furnace":1,"minecraft:stone_axe":1,"minecraft:air":0,"minecraft:jungle_planks":8},"minecraft:custom":{"minecraft:time_since_rest":28023,"minecraft:interact_with_furnace":3,"minecraft:sprint_one_cm":54460,"minecraft:damage_taken":80,"minecraft:walk_one_cm":24973,"minecraft:mob_kills":6,"minecraft:drop":39,"minecraft:damage_dealt":645,"minecraft:swim_one_cm":6808,"minecraft:interact_with_crafting_table":7,"minecraft:fly_one_cm":187080,"minecraft:crouch_one_cm":7299,"minecraft:play_time":28023,"minecraft:walk_under_water_one_cm":559,"minecraft:sneak_time":2081,"minecraft:jump":632,"minecraft:leave_game":1,"minecraft:walk_on_water_one_cm":812,"minecraft:time_since_death":28023,"minecraft:climb_one_cm":232,"minecraft:total_world_time":28023,"minecraft:fall_one_cm":19058},"minecraft:mined":{"minecraft:furnace":1,"minecraft:jungle_leaves":1,"minecraft:birch_leaves":4,"minecraft:crafting_table":3,"minecraft:short_grass":83,"minecraft:coal_ore":20,"minecraft:grass_block":3,"minecraft:oak_log":13,"minecraft:jungle_log":4,"minecraft:dirt":5,"minecraft:stone":22,"minecraft:oak_leaves":20,"minecraft:fern":32},"minecraft:used":{"minecraft:stone_sword":8,"minecraft:stone_pickaxe":40,"minecraft:oak_planks":1,"minecraft:pig_spawn_egg":73,"minecraft:jungle_log":1,"minecraft:wooden_pickaxe":5,"minecraft:white_wool":1,"minecraft:stone_axe":20,"minecraft:dirt":5,"minecraft:crafting_table":3,"minecraft:furnace":1,"minecraft:oak_sapling":2,"minecraft:cooked_porkchop":2,"minecraft:jungle_planks":4,"minecraft:cooked_beef":2},"minecraft:dropped":{"minecraft:wheat_seeds":17,"minecraft:cooked_beef":62,"minecraft:mutton":2,"minecraft:jungle_log":1,"minecraft:birch_sapling":1,"minecraft:oak_sapling":1,"minecraft:oak_planks":1,"minecraft:apple":1,"minecraft:white_wool":1},"minecraft:picked_up":{"minecraft:crafting_table":3,"minecraft:jungle_log":4,"minecraft:porkchop":8,"minecraft:oak_log":13,"minecraft:dirt":8,"minecraft:apple":1,"minecraft:wheat_seeds":19,"minecraft:beef":2,"minecraft:oak_sapling":5,"minecraft:birch_sapling":1,"minecraft:mutton":3,"minecraft:coal":20,"minecraft:white_wool":2,"minecraft:cobblestone":22,"minecraft:furnace":1},"minecraft:killed":{"minecraft:sheep":2,"minecraft:pig":3,"minecraft:cow":1}},"DataVersion":3953}