{"stats":{"minecraft:crafted":{"minecraft:crafting_table":1,"minecraft:jungle_planks":8},"minecraft:custom":{"minecraft:time_since_rest":16023,"minecraft:crouch_one_cm":2801,"minecraft:sprint_one_cm":18368,"minecraft:play_time":16023,"minecraft:damage_taken":80,"minecraft:walk_one_cm":16243,"minecraft:sneak_time":773,"minecraft:mob_kills":1,"minecraft:drop":20,"minecraft:jump":317,"minecraft:damage_dealt":145,"minecraft:leave_game":1,"minecraft:time_since_death":16023,"minecraft:total_world_time":16023,"minecraft:climb_one_cm":232,"minecraft:fall_one_cm":11029,"minecraft:fly_one_cm":84658},"minecraft:used":{"minecraft:dirt":2,"minecraft:oak_sapling":2,"minecraft:jungle_planks":4,"minecraft:pig_spawn_egg":9,"minecraft:jungle_log":1},"minecraft:mined":{"minecraft:short_grass":68,"minecraft:grass_block":1,"minecraft:oak_log":3,"minecraft:jungle_log":4,"minecraft:dirt":1,"minecraft:jungle_leaves":1,"minecraft:birch_leaves":4,"minecraft:oak_leaves":19,"minecraft:fern":28},"minecraft:dropped":{"minecraft:wheat_seeds":17,"minecraft:mutton":2,"minecraft:jungle_log":1,"minecraft:white_wool":1,"minecraft:birch_sapling":1,"minecraft:oak_sapling":1},"minecraft:picked_up":{"minecraft:jungle_log":4,"minecraft:wheat_seeds":17,"minecraft:oak_log":3,"minecraft:oak_sapling":3,"minecraft:mutton":2,"minecraft:birch_sapling":1,"minecraft:white_wool":1,"minecraft:dirt":2},"minecraft:killed":{"minecraft:sheep":1}},"DataVersion":3953}