{"stats":{"minecraft:crafted":{"minecraft:oak_planks":36,"minecraft:stone_shovel":2,"minecraft:crafting_table":1,"minecraft:stick":8,"minecraft:wooden_pickaxe":1,"minecraft:wooden_axe":1,"minecraft:chest":2,"minecraft:furnace":1,"minecraft:white_bed":2,"minecraft:jungle_planks":156,"minecraft:air":0,"minecraft:cooked_mutton":9},"minecraft:custom":{"minecraft:time_since_rest":35981,"minecraft:interact_with_furnace":17,"minecraft:sprint_one_cm":94722,"minecraft:damage_taken":200,"minecraft:walk_one_cm":112814,"minecraft:mob_kills":8,"minecraft:drop":11,"minecraft:damage_dealt":710,"minecraft:interact_with_crafting_table":14,"minecraft:fly_one_cm":131318,"minecraft:open_chest":10,"minecraft:crouch_one_cm":17546,"minecraft:play_time":35981,"minecraft:sneak_time":3832,"minecraft:jump":694,"minecraft:leave_game":5,"minecraft:walk_on_water_one_cm":958,"minecraft:time_since_death":35981,"minecraft:climb_one_cm":2124,"minecraft:total_world_time":35981,"minecraft:fall_one_cm":15922},"minecraft:mined":{"minecraft:white_bed":1,"minecraft:jungle_leaves":4,"minecraft:crafting_table":2,"minecraft:short_grass":362,"minecraft:grass_block":243,"minecraft:oak_log":9,"minecraft:melon":4,"minecraft:vine":5,"minecraft:jungle_log":38,"minecraft:dirt":13,"minecraft:stone":13,"minecraft:oak_leaves":60,"minecraft:fern":117},"minecraft:used":{"minecraft:cooked_mutton":3,"minecraft:wooden_axe":102,"minecraft:melon_slice":9,"minecraft:stone_shovel":291,"minecraft:chest":2,"minecraft:wooden_pickaxe":13,"minecraft:dirt":255,"minecraft:crafting_table":3,"minecraft:furnace":1,"minecraft:white_bed":3},"minecraft:broken":{"minecraft:wooden_axe":1,"minecraft:stone_shovel":1},"minecraft:dropped":{"minecraft:dirt":1,"minecraft:wheat_seeds":14,"minecraft:rotten_flesh":1},"minecraft:picked_up":{"minecraft:cocoa_beans":3,"minecraft:stick":1,"minecraft:crafting_table":2,"minecraft:jungle_log":39,"minecraft:oak_log":9,"minecraft:white_bed":1,"minecraft:dirt":256,"minecraft:rotten_flesh":1,"minecraft:wheat_seeds":69,"minecraft:jungle_sapling":1,"minecraft:oak_sapling":11,"minecraft:melon_slice":19,"minecraft:mutton":9,"minecraft:white_wool":7,"minecraft:cobblestone":13},"minecraft:killed":{"minecraft:sheep":6,"minecraft:spider":1}},"DataVersion":3953}