{"stats":{"minecraft:crafted":{"minecraft:oak_planks":16,"minecraft:stone_shovel":2,"minecraft:crafting_table":1,"minecraft:stick":8,"minecraft:wooden_pickaxe":1,"minecraft:wooden_axe":1,"minecraft:jungle_planks":152},"minecraft:custom":{"minecraft:time_since_rest":17306,"minecraft:sprint_one_cm":35470,"minecraft:damage_taken":180,"minecraft:walk_one_cm":71334,"minecraft:drop":10,"minecraft:interact_with_crafting_table":3,"minecraft:fly_one_cm":53044,"minecraft:crouch_one_cm":8575,"minecraft:play_time":17306,"minecraft:sneak_time":2138,"minecraft:jump":304,"minecraft:leave_game":2,"minecraft:walk_on_water_one_cm":958,"minecraft:time_since_death":17306,"minecraft:climb_one_cm":1717,"minecraft:total_world_time":17306,"minecraft:fall_one_cm":7609},"minecraft:mined":{"minecraft:jungle_leaves":4,"minecraft:crafting_table":2,"minecraft:short_grass":218,"minecraft:grass_block":218,"minecraft:oak_log":4,"minecraft:melon":4,"minecraft:vine":3,"minecraft:jungle_log":37,"minecraft:dirt":4,"minecraft:stone":3,"minecraft:oak_leaves":34,"minecraft:fern":77},"minecraft:used":{"minecraft:wooden_axe":86,"minecraft:melon_slice":8,"minecraft:stone_shovel":263,"minecraft:wooden_pickaxe":3,"minecraft:dirt":2,"minecraft:crafting_table":2},"minecraft:broken":{"minecraft:stone_shovel":1},"minecraft:dropped":{"minecraft:dirt":1,"minecraft:wheat_seeds":14},"minecraft:picked_up":{"minecraft:cocoa_beans":3,"minecraft:stick":1,"minecraft:crafting_table":2,"minecraft:jungle_log":38,"minecraft:oak_log":4,"minecraft:dirt":222,"minecraft:wheat_seeds":51,"minecraft:jungle_sapling":1,"minecraft:oak_sapling":3,"minecraft:melon_slice":19,"minecraft:cobblestone":3}},"DataVersion":3953}