{"stats":{"minecraft:crafted":{"minecraft:oak_planks":16,"minecraft:stone_shovel":2,"minecraft:crafting_table":1,"minecraft:stick":8,"minecraft:wooden_pickaxe":1,"minecraft:wooden_axe":1,"minecraft:furnace":1,"minecraft:air":0,"minecraft:cooked_mutton":1,"minecraft:jungle_planks":152},"minecraft:custom":{"minecraft:time_since_rest":28082,"minecraft:interact_with_furnace":3,"minecraft:sprint_one_cm":74183,"minecraft:damage_taken":180,"minecraft:walk_one_cm":104804,"minecraft:mob_kills":5,"minecraft:drop":10,"minecraft:damage_dealt":480,"minecraft:interact_with_crafting_table":4,"minecraft:fly_one_cm":93138,"minecraft:crouch_one_cm":17543,"minecraft:play_time":28082,"minecraft:sneak_time":3827,"minecraft:jump":502,"minecraft:leave_game":4,"minecraft:walk_on_water_one_cm":958,"minecraft:time_since_death":28082,"minecraft:climb_one_cm":1934,"minecraft:total_world_time":28082,"minecraft:fall_one_cm":11071},"minecraft:mined":{"minecraft:jungle_leaves":4,"minecraft:crafting_table":2,"minecraft:short_grass":349,"minecraft:grass_block":243,"minecraft:oak_log":9,"minecraft:melon":4,"minecraft:vine":5,"minecraft:jungle_log":38,"minecraft:dirt":13,"minecraft:stone":13,"minecraft:oak_leaves":60,"minecraft:fern":106},"minecraft:used":{"minecraft:cooked_mutton":1,"minecraft:wooden_axe":102,"minecraft:melon_slice":9,"minecraft:stone_shovel":291,"minecraft:wooden_pickaxe":13,"minecraft:dirt":255,"minecraft:crafting_table":3,"minecraft:furnace":1},"minecraft:broken":{"minecraft:wooden_axe":1,"minecraft:stone_shovel":1},"minecraft:dropped":{"minecraft:dirt":1,"minecraft:wheat_seeds":14},"minecraft:picked_up":{"minecraft:cocoa_beans":3,"minecraft:stick":1,"minecraft:crafting_table":2,"minecraft:jungle_log":39,"minecraft:oak_log":9,"minecraft:dirt":256,"minecraft:wheat_seeds":68,"minecraft:jungle_sapling":1,"minecraft:oak_sapling":11,"minecraft:melon_slice":19,"minecraft:mutton":6,"minecraft:white_wool":4,"minecraft:cobblestone":13},"minecraft:killed":{"minecraft:sheep":4,"minecraft:spider":1}},"DataVersion":3953}