{"stats":{"minecraft:crafted":{"minecraft:oak_planks":16,"minecraft:crafting_table":1,"minecraft:stick":4,"minecraft:jungle_planks":108,"minecraft:wooden_axe":1},"minecraft:custom":{"minecraft:time_since_rest":5976,"minecraft:play_time":5976,"minecraft:crouch_one_cm":1823,"minecraft:sprint_one_cm":21715,"minecraft:walk_one_cm":12052,"minecraft:sneak_time":599,"minecraft:drop":7,"minecraft:jump":142,"minecraft:time_since_death":5976,"minecraft:walk_on_water_one_cm":629,"minecraft:climb_one_cm":1098,"minecraft:total_world_time":5976,"minecraft:interact_with_crafting_table":1,"minecraft:fly_one_cm":33081,"minecraft:fall_one_cm":4869},"minecraft:used":{"minecraft:wooden_axe":31,"minecraft:dirt":1,"minecraft:crafting_table":1},"minecraft:mined":{"minecraft:short_grass":34,"minecraft:grass_block":1,"minecraft:oak_log":4,"minecraft:vine":2,"minecraft:jungle_log":26,"minecraft:dirt":1,"minecraft:crafting_table":1,"minecraft:oak_leaves":2,"minecraft:fern":9},"minecraft:dropped":{"minecraft:dirt":1,"minecraft:wheat_seeds":7},"minecraft:picked_up":{"minecraft:crafting_table":1,"minecraft:jungle_log":27,"minecraft:wheat_seeds":7,"minecraft:oak_log":4,"minecraft:dirt":2}},"DataVersion":3953}