{"stats":{"minecraft:crafted":{"minecraft:wooden_sword":1,"minecraft:birch_planks":118,"minecraft:crafting_table":1,"minecraft:stick":48,"minecraft:wooden_pickaxe":1,"minecraft:wooden_axe":1},"minecraft:custom":{"minecraft:time_since_rest":11505,"minecraft:play_time":11505,"minecraft:sprint_one_cm":9982,"minecraft:damage_taken":30,"minecraft:walk_one_cm":17939,"minecraft:sneak_time":5,"minecraft:walk_under_water_one_cm":1043,"minecraft:mob_kills":1,"minecraft:jump":124,"minecraft:damage_dealt":100,"minecraft:leave_game":1,"minecraft:walk_on_water_one_cm":5588,"minecraft:time_since_death":11505,"minecraft:total_world_time":11505,"minecraft:swim_one_cm":5264,"minecraft:interact_with_crafting_table":1,"minecraft:fall_one_cm":3346,"minecraft:fly_one_cm":12533},"minecraft:mined":{"minecraft:coal_ore":13,"minecraft:birch_log":30,"minecraft:stone":34,"minecraft:birch_leaves":8,"minecraft:crafting_table":1},"minecraft:used":{"minecraft:wooden_axe":1,"minecraft:crafting_table":1,"minecraft:wooden_pickaxe":47},"minecraft:killed":{"minecraft:squid":1},"minecraft:picked_up":{"minecraft:birch_log":30,"minecraft:crafting_table":1,"minecraft:ink_sac":1,"minecraft:coal":13,"minecraft:cobblestone":34}},"DataVersion":3953}