{"stats":{"minecraft:crafted":{"minecraft:wooden_sword":1,"minecraft:cooked_porkchop":5,"minecraft:shield":1,"minecraft:crafting_table":1,"minecraft:stick":48,"minecraft:iron_ingot":1,"minecraft:stone_pickaxe":1,"minecraft:wooden_pickaxe":1,"minecraft:wooden_axe":1,"minecraft:stone_sword":1,"minecraft:furnace":1,"minecraft:torch":44,"minecraft:birch_planks":118,"minecraft:stone_axe":1},"minecraft:custom":{"minecraft:time_since_rest":379,"minecraft:interact_with_furnace":6,"minecraft:sprint_one_cm":32153,"minecraft:damage_taken":695,"minecraft:walk_one_cm":90124,"minecraft:mob_kills":5,"minecraft:drop":4,"minecraft:damage_dealt":516,"minecraft:interact_with_crafting_table":5,"minecraft:swim_one_cm":5264,"minecraft:fly_one_cm":20055,"minecraft:crouch_one_cm":190,"minecraft:play_time":27828,"minecraft:deaths":2,"minecraft:sneak_time":22,"minecraft:walk_under_water_one_cm":1043,"minecraft:jump":368,"minecraft:leave_game":2,"minecraft:time_since_death":316,"minecraft:walk_on_water_one_cm":6563,"minecraft:total_world_time":27828,"minecraft:fall_one_cm":10613},"minecraft:used":{"minecraft:wooden_axe":3,"minecraft:birch_planks":38,"minecraft:stone_pickaxe":2,"minecraft:wooden_pickaxe":59,"minecraft:rotten_flesh":1,"minecraft:stone_axe":20,"minecraft:torch":6,"minecraft:crafting_table":3,"minecraft:furnace":1,"minecraft:cooked_porkchop":2},"minecraft:mined":{"minecraft:birch_planks":4,"minecraft:iron_ore":1,"minecraft:birch_log":30,"minecraft:birch_leaves":16,"minecraft:crafting_table":2,"minecraft:torch":2,"minecraft:short_grass":2,"minecraft:coal_ore":18,"minecraft:grass_block":2,"minecraft:stone":40,"minecraft:white_wool":1,"minecraft:wall_torch":1},"minecraft:broken":{"minecraft:wooden_pickaxe":1},"minecraft:killed_by":{"minecraft:creeper":1,"minecraft:enderman":1},"minecraft:dropped":{"minecraft:ink_sac":3,"minecraft:wooden_axe":1,"minecraft:wooden_sword":1,"minecraft:dirt":2},"minecraft:killed":{"minecraft:pig":4,"minecraft:squid":1},"minecraft:picked_up":{"minecraft:wooden_axe":1,"minecraft:birch_log":31,"minecraft:stick":3,"minecraft:raw_iron":1,"minecraft:crafting_table":2,"minecraft:torch":3,"minecraft:birch_planks":4,"minecraft:porkchop":5,"minecraft:ink_sac":6,"minecraft:dirt":4,"minecraft:wooden_sword":1,"minecraft:rotten_flesh":1,"minecraft:wheat_seeds":1,"minecraft:birch_sapling":1,"minecraft:coal":18,"minecraft:white_wool":1,"minecraft:cobblestone":40}},"DataVersion":3953}